setup,model,c_index,c_index_ipcw,ibs,mean_auc,fit_time_s
setup_1,CoxNet,0.7682866614939691,0.7627225829506732,0.11464340749123138,0.8467589783468377,0.1514788999920711
setup_1,CoxPH,0.7678634407843691,0.76120308597123,0.11461963937423979,0.8458853484490828,0.027736900025047362
setup_1,RSF,0.7334414897368978,0.7294327900335853,0.1347814136240106,0.8121515704097724,0.16029759997036308
