setup,model,c_index_mean,c_index_std,c_index_ipcw_mean,c_index_ipcw_std,ibs_mean,ibs_std,mean_auc_mean,mean_auc_std,fit_time_s_mean,fit_time_s_std
setup_1,DeepSurv,0.7369802020859018,0.0043180438855133915,0.7330570035053525,0.0048553582494937145,0.12599618763130419,0.014627618876429835,0.8131323848654858,0.013834204940981573,0.17482129999552853,0.07263697841068505
